Item,Last Month,Second Last Month,Percentage Increment
AYAM BERSIH - STANDARD,2024-09,2024-08,1.9468673061947332
BAWANG BESAR IMPORT (INDIA),2024-09,2024-08,-0.7745059536427985
CILI KERING KERINTING (BERTANGKAI OR TIDAK BERTANGKAI),2024-09,2024-08,-2.0072840188750494
IKAN KEMBUNG (ANTARA 8 HINGGA 12 EKOR SEKILOGRAM),2024-09,2024-08,-0.2877521903968272
TELUR AYAM GRED A,2024-09,2024-08,-0.009095186433100573
SANTAN KELAPA SEGAR (PEKAT),2024-09,2024-08,0.6748429620387579
