Item,Last Month,Second Last Month,Percentage Increment
AYAM BERSIH - STANDARD,2024-11,2024-10,-1.0078977053419882
BAWANG BESAR IMPORT (INDIA),2024-11,2024-10,-1.5320149086423707
CILI KERING KERINTING (BERTANGKAI OR TIDAK BERTANGKAI),2024-11,2024-10,-1.4158829713965915
IKAN KEMBUNG (ANTARA 8 HINGGA 12 EKOR SEKILOGRAM),2024-11,2024-10,1.5931859783543396
TELUR AYAM GRED A,2024-11,2024-10,-0.07848162495893708
SANTAN KELAPA SEGAR (PEKAT),2024-11,2024-10,6.7166144050694445
