item_name,state,gmm_rmse,isolation_forest_rmse,random_forest_rmse,gmm_accuracy,isolation_forest_accuracy,random_forest_accuracy,best_model,best_model_accuracy
TIMUN,Johor,0.17407765595569785,0.17407765595569785,0.17407765595569785,96.96969696969697,96.96969696969697,96.96969696969697,GMM,96.96969696969697
TIMUN,Kedah,0.17407765595569785,0.17407765595569785,0.0,96.96969696969697,96.96969696969697,100.0,Random Forest,100.0
TIMUN,Kelantan,0.17407765595569785,0.17407765595569785,0.0,96.96969696969697,96.96969696969697,100.0,Random Forest,100.0
TIMUN,Melaka,0.17407765595569785,0.17407765595569785,0.17407765595569785,96.96969696969697,96.96969696969697,96.96969696969697,GMM,96.96969696969697
TIMUN,Negeri Sembilan,0.17407765595569785,0.0,0.17407765595569785,96.96969696969697,100.0,96.96969696969697,Isolation Forest,100.0
TIMUN,Pahang,0.0,0.0,0.0,100.0,100.0,100.0,GMM,100.0
TIMUN,Perak,0.17407765595569785,0.17407765595569785,0.0,96.96969696969697,96.96969696969697,100.0,Random Forest,100.0
TIMUN,Perlis,0.17407765595569785,0.17407765595569785,0.17407765595569785,96.96969696969697,96.96969696969697,96.96969696969697,GMM,96.96969696969697
TIMUN,Pulau Pinang,0.17407765595569785,0.17407765595569785,0.0,96.96969696969697,96.96969696969697,100.0,Random Forest,100.0
TIMUN,Sabah,0.0,0.24618298195866548,0.30151134457776363,100.0,93.93939393939394,90.9090909090909,GMM,100.0
TIMUN,Sarawak,0.17407765595569785,0.17407765595569785,0.3892494720807615,96.96969696969697,96.96969696969697,84.84848484848484,GMM,96.96969696969697
TIMUN,Selangor,0.17407765595569785,0.17407765595569785,0.17407765595569785,96.96969696969697,96.96969696969697,96.96969696969697,GMM,96.96969696969697
TIMUN,Terengganu,0.0,0.24618298195866548,0.0,100.0,93.93939393939394,100.0,GMM,100.0
TIMUN,W.P. Kuala Lumpur,0.17407765595569785,0.17407765595569785,0.17407765595569785,96.96969696969697,96.96969696969697,96.96969696969697,GMM,96.96969696969697
TIMUN,W.P. Labuan,0.0,0.0,0.3481553119113957,100.0,100.0,87.87878787878788,GMM,100.0
TIMUN,W.P. Putrajaya,0.17407765595569785,0.17407765595569785,0.17407765595569785,96.96969696969697,96.96969696969697,96.96969696969697,GMM,96.96969696969697
